Sewan sans correspondance,CFAST sans correspondance
ALPHA COURSES,N'CO FACILITIES
AMBUL 'EUROPE ASSISTANCE,N'CO SERVICES
APEI ENTREPRISE ADAPTï¿½E,HANDIEXPERH
APEI IME L Envol Site de Carvin,HANDIEXPERH
APEI IME L ENVOL SITE HENIN,SELARL EMILIE CATHELAIN
APEI PRODIVERSITE ESAT CCIAL,APEI ATELIER PROTEGE COURRIERES
APEI RESIDENCE DU MOULIN,ESAT MONTIGNY - COURRIERES CCIAL
APEI SAMSAH DU MOULIN,IME DU CAREMBAULT
APEI SAVS DU MOULIN,IME LOUISE THULIEZ
APEI SESSAD L Envol Site de Carvin,APEI FOYER MOULIN CARVIN
APEI SESSAD L ENVOL SITE HENIN,APEI SAVS
AS PRO BAT,APEI SESSAD DU CAREMBAULT
ASS ROUBAIS COORD ACT DEVEL INSERT SOCIA,APEI SESSAD LOUISE THULIEZ
AUDIT ENERGIE TRANSFERT SERVICE INDUSTRIE,APSN
AXA PREVOYANCE & PATRIMOINE,APSN
CA.MI.BAT,ARCADIS (ASS ROUB COORD ACT DEVEL INSERT SOC)
CABINET DUJARDIN ET DELEPLANQUE,ASSURANCES DUJARDIN ET DELEPLANQUE
CDPL,ATD
CENTRE FERON VRAU,ATEX WEB
CESEMAT,HAUTS DE FRANCE TOURISME
CHRIS AUTO SERVICES,HANDIEXPERH
COLIBRI,OFFICE DE TOURISME DEL A METROPOLE EUROPEENE DE LILLE
COLLEGE HERGE,SELARL EMILIE ET HENRI CATHELAIN
COLLEGE LE TRIOLO,TOOL INVEST
COMMUNE DE LANNOY,TOOL INVEST
COMMUNE DE NOYELLES LES SECLIN,VADE SECURE
CREA PROD,LEGATI EXPERTISE
DECLIC ACCESS,CABINET LUC MADOU
DECOUVRIR FOURNIR INNOVER,SOCOFRI
DELECOURT GAILORD,FRANCE ESCALIERS
DISTRI FOR YOU,ACTIONS
DOMINIQUE ZORNIG,AGIRATOU
EHPAD NOTRE DAME DE BOULOGNE,COMMUNE NOYELLES LES SECLIN
ELECTRICITE GUIDEZ,N'CO SERVICES
EPC DEMOSTEN,PAINDAVOINE PARMENTIER
EPICURE ING,COLLEGE GEORGES REMI HERGE
ESCAFLANDRES (ECHELLE 59),NEW LOG SOLUTIONS
EWO AUTOMATISMES,ARCADIS - Lille
GODART DISTRIBUTION,ARCADIS - Lille
GOOD-TO-GO,ARCADIS - Lille
HAUTS-DE-FRANCE TOURISME,TRANSPORTS XAVIER ROSE
HFCD,
HORNETSECURITY SAS,
HUYON TOIT,
I.F.S.I. AMBROISE PARE,
ILLIMAKE,
INFODIS IT,
JCF ACQUISITIONS,
LE RESTAURANT DE L'HIPPODROME,
LEGLEYE Jean-Marc Henri,
LOXO,
LUMAN,
METALSFER,
MONSIEUR THIBAULT ABRAHAM,
MOUGENOT ET FILS,
Mr GHESQUIER VINCENT,
MULTITUDE,
NCO Services Test,
NORBOISERIE,
OFFICE DE TOURISME DE LA METROPOLE EUROPEENNE DE LILLE,
P2l - Metod,
PEAN COUSIN Laurence,
PHARMACIE DES 2 VILLES,
PHARMACIE LEGLEYE,
PLANCKAERT ET FILS,
PPARCHI,
SARL EXTEMBEL,
SARL LEPLOMB CHRISTIAN,
SAS DILA,
SAS FRANCE CHRIS,
SAS GRAUWIN TRAVAUX PUBLICS,
SAS L'ARBRE ET LA TABLE,
SAS R-M RENOVATION,
SELARL H2P DR HERVE HAUROU PATOU,
SELARL PLOUVIER,
THELLIER ISABELLE,
TOPO RESEARCH,
TRACHE Caroline,
VITALE SANTE,
Xavier MILLON,
XXX,
